{"bitbrains_fast_storage/H/short": {"MASE": 1.2985124569638047, "MAE": 323.91137144521844, "CRPS": 1.0222395520114795}, "solar/H/short": {"MASE": 0.9519362458316395, "MAE": 12.29965959124688, "CRPS": 0.5916559631947232}, "solar/H/medium": {"MASE": 0.9349685908749716, "MAE": 12.224457306873479, "CRPS": 0.9459874672135314}, "solar/H/long": {"MASE": 1.0711966477927781, "MAE": 13.995331508515815, "CRPS": 1.0779764182077312}, "m_dense/D/short": {"MASE": 1.6693368812171987, "MAE": 118.38299768518519, "CRPS": 0.22686565739428607}, "ett2/H/short": {"MASE": 0.9231678277377344, "MAE": 7.9655081612723215, "CRPS": 0.08895289185095483}, "ett2/H/medium": {"MASE": 1.2384249730532626, "MAE": 11.509515671502976, "CRPS": 0.1862050814081793}, "ett2/H/long": {"MASE": 1.1284016697207502, "MAE": 10.011796254960318, "CRPS": 0.20790633225768584}, "ett2/D/short": {"MASE": 1.3901143157307532, "MAE": 211.56051587301587, "CRPS": 0.15331100213050436}, "electricity/15T/short": {"MASE": 1.7170601412372184, "MAE": 94.21436127533784, "CRPS": 0.16489261500071847}, "electricity/15T/medium": {"MASE": 1.1507882041044137, "MAE": 70.78214646677928, "CRPS": 0.11275485280084273}, "electricity/15T/long": {"MASE": 1.1635317075319347, "MAE": 73.83208042417418, "CRPS": 0.11255332426055248}, "bitbrains_rnd/H/short": {"MASE": 6.0373618687533925, "MAE": 254.47180959890883, "CRPS": 1.2432170953390527}, "loop_seattle/H/short": {"MASE": 1.2928412613913995, "MAE": 6.351615330169464, "CRPS": 0.10423508438727377}, "loop_seattle/H/medium": {"MASE": 1.4805126192799751, "MAE": 7.21920260497291, "CRPS": 0.16208090743299983}, "loop_seattle/H/long": {"MASE": 1.5460268753677606, "MAE": 7.511452824002408, "CRPS": 0.18709450197084374}, "solar/W/short": {"MASE": 1.4703506784640206, "MAE": 1341.8134124087592, "CRPS": 0.20974762813186765}, "bizitobs_application/10S/short": {"MASE": 2.2423302386755415, "MAE": 1054.6502083333332, "CRPS": 0.03483868247005456}, "bizitobs_application/10S/medium": {"MASE": 2.6914183385868085, "MAE": 1276.9247916666666, "CRPS": 0.04268912394422428}, "bizitobs_application/10S/long": {"MASE": 3.2063450561622804, "MAE": 1470.5443055555556, "CRPS": 0.04573090228155046}, "bizitobs_service/10S/short": {"MASE": 1.225305042620374, "MAE": 55.138688409391534, "CRPS": 0.03998233993351736}, "bizitobs_service/10S/medium": {"MASE": 1.3205790727650968, "MAE": 63.760550595238094, "CRPS": 0.04755831292581585}, "bizitobs_service/10S/long": {"MASE": 1.367193469742303, "MAE": 75.32497354497355, "CRPS": 0.05345299584740217}, "bizitobs_l2c/5T/short": {"MASE": 0.9860210805885202, "MAE": 9.685235305059523, "CRPS": 0.26206838623738704}, "bizitobs_l2c/5T/medium": {"MASE": 1.2435997989335994, "MAE": 12.864580676020408, "CRPS": 0.5203917750796179}, "bizitobs_l2c/5T/long": {"MASE": 1.4542830442631411, "MAE": 15.353609871031747, "CRPS": 0.6484921267253538}, "ett2/W/short": {"MASE": 0.7785209533197451, "MAE": 1323.111607142857, "CRPS": 0.13367758870767996}, "loop_seattle/5T/short": {"MASE": 0.7623397118337274, "MAE": 4.806023281794214, "CRPS": 0.08083202568463041}, "loop_seattle/5T/medium": {"MASE": 1.1532851467900647, "MAE": 7.272513948013416, "CRPS": 0.11727937998585615}, "loop_seattle/5T/long": {"MASE": 1.2506857542807588, "MAE": 7.891544207229676, "CRPS": 0.12716656087996273}, "loop_seattle/D/short": {"MASE": 1.7323957056549062, "MAE": 5.940060831075852, "CRPS": 0.1032547596878987}, "bitbrains_rnd/5T/short": {"MASE": 1.9708126376716957, "MAE": 210.5518366560826, "CRPS": 1.1015904440824371}, "bitbrains_rnd/5T/medium": {"MASE": 4.542392314855541, "MAE": 204.8128727866788, "CRPS": 1.169291300089368}, "bitbrains_rnd/5T/long": {"MASE": 3.501257904408163, "MAE": 237.4491928177016, "CRPS": 1.175220506770106}, "electricity/W/short": {"MASE": 2.0896995064573947, "MAE": 56604.72342342342, "CRPS": 0.0993032024444414}, "solar/D/short": {"MASE": 1.155861190610263, "MAE": 295.1889902676399, "CRPS": 0.5590651164917229}, "ett1/H/short": {"MASE": 0.9773176243434534, "MAE": 5.822230747767857, "CRPS": 0.24036844107833774}, "ett1/H/medium": {"MASE": 1.5678007461285395, "MAE": 8.163152785528274, "CRPS": 0.4349118298516912}, "ett1/H/long": {"MASE": 1.4787012870437326, "MAE": 7.749353091931217, "CRPS": 0.47106248989542887}, "temperature_rain/D/short": {"MASE": 2.0115357653222166, "MAE": 7.890313322375261, "CRPS": 1.2679455200160903}, "saugeen/W/short": {"MASE": 1.990658004828632, "MAE": 24.552409362792968, "CRPS": 0.7340352210434381}, "covid_deaths/D/short": {"MASE": 46.91239825526407, "MAE": 353.7093984962406, "CRPS": 0.12672327831223676}, "us_births/D/short": {"MASE": 1.8648391912491094, "MAE": 1266.88, "CRPS": 0.11952686561898423}, "m4_weekly/W/short": {"MASE": 2.777295047362158, "MAE": 347.99148275123207, "CRPS": 0.06087039452311706}, "car_parts/M/short": {"MASE": 1.2014638390969912, "MAE": 0.6672313006509898, "CRPS": 1.7217438941460104}, "sz_taxi/H/short": {"MASE": 0.7381672994945998, "MAE": 2.4300792726696048, "CRPS": 0.21382494112013678}, "ett1/15T/short": {"MASE": 0.9341549587802876, "MAE": 1.4945350283668155, "CRPS": 0.24136394938567346}, "ett1/15T/medium": {"MASE": 1.188305978388322, "MAE": 1.8389095052083333, "CRPS": 0.32155116949786394}, "ett1/15T/long": {"MASE": 1.190885705867336, "MAE": 1.8557530381944445, "CRPS": 0.3401793468576481}, "saugeen/M/short": {"MASE": 0.9763741730697157, "MAE": 16.662892659505207, "CRPS": 0.4450846286544009}, "us_births/M/short": {"MASE": 0.7605310792868888, "MAE": 6704.75, "CRPS": 0.016825596814792485}, "m4_quarterly/Q/short": {"MASE": 1.602247174616002, "MAE": 708.8467662760416, "CRPS": 0.09805397548466407}, "ett1/W/short": {"MASE": 1.7689207877683926, "MAE": 970.0256696428571, "CRPS": 0.3118251468740881}, "saugeen/D/short": {"MASE": 3.413049305768806, "MAE": 15.3725, "CRPS": 0.5850141736335629}, "electricity/H/short": {"MASE": 1.3577726051465433, "MAE": 247.69792300112613, "CRPS": 0.10566499518474065}, "electricity/H/medium": {"MASE": 1.3924537851702354, "MAE": 308.2015061936937, "CRPS": 0.12738701179892217}, "electricity/H/long": {"MASE": 1.5240786163496851, "MAE": 357.2064234234234, "CRPS": 0.15341839756227935}, "ett1/D/short": {"MASE": 1.7783697877928102, "MAE": 154.97894345238095, "CRPS": 0.40843357791503654}, "bizitobs_l2c/H/short": {"MASE": 1.2140641267600039, "MAE": 12.53165302579365, "CRPS": 0.5211675771895117}, "bizitobs_l2c/H/medium": {"MASE": 1.5102861226255864, "MAE": 15.667392113095238, "CRPS": 0.9042051354742671}, "bizitobs_l2c/H/long": {"MASE": 1.4260541525613812, "MAE": 13.635487971230159, "CRPS": 0.9410651242377539}, "hospital/M/short": {"MASE": 0.9205278266364826, "MAE": 20.005975662755322, "CRPS": 0.06248817651596496}, "m4_daily/D/short": {"MASE": 3.278424296610481, "MAE": 180.83018393659805, "CRPS": 0.024356147648337902}, "bitbrains_fast_storage/5T/short": {"MASE": 1.1360241737534567, "MAE": 346.43736615760264, "CRPS": 1.210386425305063}, "bitbrains_fast_storage/5T/medium": {"MASE": 1.2202713595882653, "MAE": 332.75293038959035, "CRPS": 1.1979128978088514}, "bitbrains_fast_storage/5T/long": {"MASE": 1.1366422318753115, "MAE": 404.5292260549034, "CRPS": 1.1773077032683998}, "ett2/15T/short": {"MASE": 1.067314800011479, "MAE": 2.534710984002976, "CRPS": 0.09638438775638664}, "ett2/15T/medium": {"MASE": 1.0512391501712754, "MAE": 2.4787872023809525, "CRPS": 0.12412877798161984}, "ett2/15T/long": {"MASE": 1.0126577751121104, "MAE": 2.362206101190476, "CRPS": 0.13282444765695306}, "jena_weather/10T/short": {"MASE": 0.7428874675800381, "MAE": 10.556470114087302, "CRPS": 0.15520092375681044}, "jena_weather/10T/medium": {"MASE": 0.7160100391723763, "MAE": 12.447531114718615, "CRPS": 0.21183609008512827}, "jena_weather/10T/long": {"MASE": 0.7614923703210493, "MAE": 11.441627397486773, "CRPS": 0.2371949131202996}, "jena_weather/D/short": {"MASE": 1.5734140297468562, "MAE": 13.136656746031745, "CRPS": 0.2105908566035542}, "us_births/W/short": {"MASE": 1.5634204337929731, "MAE": 1720.3214285714287, "CRPS": 0.01929679613291714}, "m_dense/H/short": {"MASE": 1.4875444172240992,